,log_E,Freq
0,31.245997014424063,-1.2933646889888057
1,31.218246047063143,-0.9923346933248246
2,31.13844169956379,-0.8162434342691433
3,31.129474937628164,-0.6913046976608433
4,31.073085020033623,-0.594394684652787
5,30.977123287013256,-0.5152134386051621
6,30.969332426277475,-0.44826664897454893
7,30.96553983688997,-0.3902747019968622
8,30.890859363340446,-0.33912217954948093
9,30.797453120555737,-0.2933646889888058
10,30.687320014345083,-0.25197200383058077
